id,name,email,hashed_password
"a0557ccafc1e4a128a465abe4e21d5cc","Alice","alice@example.com","$2b$10$0HwmVFEdY4tkdXJ4AlFJBuiM5ja4ErDAn2fGIZ.vJCjeukEuZ35Fa"
"aac2c6f6acb1492bba3cb9c706415075","Alice","alice@example.com","$2b$10$ZaR1GhNikc5Tyre2BlcwcOatpF8h945nnxl33XsswO8Pr2lqHqnNa"
"d2580356442a4eeeb42de4d341df1fc1","Alice","alice@example.com","$2b$10$Us2psO20qLd6uucLNj7nMeUJ5e0jiL5jPtg5TCMhXxW/JqSET7YX6"
"a192acfd53304ca18d55d5592ed3eedd","Alice","alice@example.com","$2b$10$81QeRZ5MGigarsm8JIvhFOJAgYGEmHpn8v5Iyr7KrkVofkfviaGZ2"
"eb9d0a97baef4fbb94ff2c9841a468e5","Alice","alice@example.com","$2b$10$6jBwcS3VMrf4iBEcT0n1NebLf6qon6ePD9wgAg5rs6zZK6.W4TWrC"
"8de73e68034a4d6b9987c44d2345c8a3","Alice","alice@example.com","$2b$10$5CfFS8aYDbDC.MoVqLv.Nu513ZfbQyJ.ITwLbu8qRb5.RZp8EeYri"
"34e13981c15e4952b557209371092aba","Alice","alice@example.com","$2b$10$Jospza2MRkdHkMI7l7TIK.iXfA09fy0htoH2.xSXZdSqHwbIXJOEe"
"95af08c932974ddf92e1ed397614fa12","Alice","alice@example.com","$2b$10$qd299w51uSVtX2gkI8GaverPGV97MxcsZ/SO7WXpbgKOR7vcY1w06"
"f7ab0c00459249e4abed9b14378ab12b","Alice","alice@example.com","$2b$10$EPx2ycpfH4Q6K/cnaaz7eOAZKoorbFCZYn4rZiHvxHg9L69OYJBMC"
"588a77216bd542f49a64bde991101780","Alice","alice@example.com","$2b$10$PrGqxfzDEWu8/V4L/db79OceArW.yh6z7sBM8RrmCB8YJGUs9I4QS"
"2943f080ed074e82ac78aa11d01c5897","Alice","alice@example.com","$2b$10$A/z/U4M1oTYfdtKMh7LtXORuzh1t2yWB6hXjZ8bHW0sm5Kl84EAy6"
"bad201ab48364fffa279a4b56b3a1acc","Alice","alice@example.com","$2b$10$.mPDnN4nDMt5moBJK9TW8Onk1qA/eSuI9Yl384vcAxeN1vhkodJ/S"
"e0d283c7bbfc4f4ebf02d4fb09ba6530","Alice","alice@example.com","$2b$10$TGX34W.Dn1zERQlPFF8jL.rcn0zDskM/HsF3stF.7n11dq4tj14f2"
"db539a89f72a48138c2569f30cd9717a","Alice","alice@example.com","$2b$10$YLOSWw1N5GlIUe1YAUH08.kV4CxcQMo7G0ijuE0CVIetcNoyVhTKW"
"f75063fce91d46a59968170579bcee20","Alice","alice@example.com","$2b$10$FTwSZthhHGplqyiTA9EHguKqP0bUswEcAiiwi.zDA4SKljeF/v/WO"